policy_type,training_seed,selected_checkpoint_timesteps,validation_mean_total_reward,mean_forward_distance,mean_lateral_distance,mean_absolute_lateral_distance,mean_absolute_lateral_velocity,mean_final_heading_error_radians,mean_total_reward,mean_absolute_action,action_saturation_fraction,mean_absolute_action_change,mean_actuated_joint_speed,unstable_episodes
matched,0,550912,736.7648977855109,14.148934958559062,0.46747707316117887,2.465898330344783,0.46616491548534483,0.3978195409706353,689.7196052480045,0.7806269350922542,0.59242,0.666342036028081,8.22105417512891,0
matched,1,751616,885.3110330513204,18.48676366685709,1.1321795671165942,2.510513134243608,0.5251046013597022,0.3969422129834498,905.6781742848657,0.8091111836433508,0.6423399999999999,0.6811325757141136,8.467206112594065,0
matched,2,901120,799.1704220760587,15.88018026813209,0.36199726742339977,2.791039906037935,0.4956825163005137,0.5148184755354855,775.233637701088,0.8129014469765251,0.6478100000000001,0.687722237490935,8.74579236148132,0
matched,3,651264,706.8471361471996,13.907642826857263,-0.9302627369006425,2.479880412325212,0.5057999645879027,0.5347962779157417,677.4761008041764,0.786107844699078,0.60144,0.7619556625922967,8.177669710659053,0
matched,4,901120,738.3426444759068,15.489094044501297,2.042072644988012,2.732141292927122,0.5136645768861672,0.35031323891577826,756.0775659528762,0.8005160725815661,0.6264,0.7319511932528201,8.002751866582143,0
graph,0,1001472,1150.3527643762918,23.327060035141407,2.4589042381872024,2.5408395920483393,0.486726401000869,0.2887759099404787,1153.8966390965504,0.6080502511331811,0.35753999999999997,0.5803093702491882,7.269177081144904,0
graph,1,950272,1258.4411950271692,24.887551305884656,4.048615258799966,4.161547498505459,0.6275253218341686,0.44963833318805113,1227.641613268837,0.7507280725966115,0.5369033333333334,0.8343786119608086,8.594160514072357,0
graph,2,851968,1259.2175067455948,25.288003925198637,-0.8795932224703944,1.2444360762388167,0.3323480164353951,0.22091659755631915,1248.5403295741935,0.7223677750028794,0.4976933333333334,0.7240103218759458,8.411174213543191,0
graph,3,1001472,1040.0007011179475,20.73609597895087,1.5612241663702935,3.073211095375504,0.5448387066246378,0.5380551374825918,1022.753891190595,0.6627283163721114,0.41686,0.5291641792521359,8.626610758632998,0
graph,4,700416,1166.55611141447,23.268955053588375,-0.36667876297525515,1.1279741312789568,0.35882658553582175,0.2546578810668417,1147.7703928542765,0.7165572977011775,0.48983333333333334,0.7859000549106575,8.240680999725642,0
