policy_type,training_seed,session_index,status,starting_timesteps,ending_timesteps,completed_timesteps,elapsed_seconds,steps_per_second,started_at,ended_at,git_commit,git_dirty
matched,0,1,completed,0,1001472,1001472,398.511,2513.036,2026-10-09T12:17:18.918462+00:00,2026-10-09T12:23:57.429214+00:00,467e0b1e6a314855362da51cdb9b148a6bbf025f,False
matched,0,2,interrupted,1001472,1005568,4096,1.522,2690.840,2026-10-10T08:02:03.527285+00:00,2026-10-10T08:02:05.049486+00:00,21c9cd4569784c5a36cac78387faff407c1fe909,False
matched,0,3,completed,1001472,1300480,299008,120.297,2485.578,2026-10-10T08:03:05.089003+00:00,2026-10-10T08:05:05.386158+00:00,21c9cd4569784c5a36cac78387faff407c1fe909,False
matched,1,1,completed,0,1001472,1001472,402.270,2489.553,2026-10-09T12:23:57.474181+00:00,2026-10-09T12:30:39.744005+00:00,467e0b1e6a314855362da51cdb9b148a6bbf025f,False
matched,1,2,completed,1001472,1300480,299008,129.130,2315.565,2026-10-10T08:05:05.415285+00:00,2026-10-10T08:07:14.544896+00:00,21c9cd4569784c5a36cac78387faff407c1fe909,False
matched,2,1,completed,0,1001472,1001472,399.588,2506.261,2026-10-09T12:30:39.790036+00:00,2026-10-09T12:37:19.378142+00:00,467e0b1e6a314855362da51cdb9b148a6bbf025f,False
matched,2,2,completed,1001472,1300480,299008,118.851,2515.819,2026-10-10T08:07:14.571248+00:00,2026-10-10T08:09:13.422400+00:00,21c9cd4569784c5a36cac78387faff407c1fe909,False
matched,3,1,completed,0,1001472,1001472,397.903,2516.873,2026-10-09T12:37:19.422731+00:00,2026-10-09T12:43:57.326014+00:00,467e0b1e6a314855362da51cdb9b148a6bbf025f,False
matched,3,2,completed,1001472,1300480,299008,118.394,2525.523,2026-10-10T08:09:13.449334+00:00,2026-10-10T08:11:11.843829+00:00,21c9cd4569784c5a36cac78387faff407c1fe909,False
matched,4,1,completed,0,1001472,1001472,398.983,2510.064,2026-10-09T12:43:57.372798+00:00,2026-10-09T12:50:36.355457+00:00,467e0b1e6a314855362da51cdb9b148a6bbf025f,False
matched,4,2,completed,1001472,1300480,299008,118.413,2525.122,2026-10-10T08:11:11.869908+00:00,2026-10-10T08:13:10.283193+00:00,21c9cd4569784c5a36cac78387faff407c1fe909,False
graph,0,1,completed,0,1001472,1001472,21737.482,46.071,2026-10-09T12:50:36.402448+00:00,2026-10-09T18:52:53.884354+00:00,467e0b1e6a314855362da51cdb9b148a6bbf025f,False
graph,0,2,completed,1001472,1300480,299008,1121.697,266.567,2026-10-10T08:13:10.311300+00:00,2026-10-10T08:31:52.008709+00:00,21c9cd4569784c5a36cac78387faff407c1fe909,False
graph,1,1,completed,0,1001472,1001472,3856.752,259.667,2026-10-09T18:52:53.929067+00:00,2026-10-09T19:57:10.680697+00:00,467e0b1e6a314855362da51cdb9b148a6bbf025f,False
graph,1,2,completed,1001472,1300480,299008,1111.369,269.045,2026-10-10T08:31:52.035354+00:00,2026-10-10T08:50:23.404557+00:00,21c9cd4569784c5a36cac78387faff407c1fe909,False
graph,2,1,interrupted,0,700416,700416,2647.889,264.519,2026-10-09T19:57:10.726474+00:00,2026-10-09T20:41:18.615902+00:00,467e0b1e6a314855362da51cdb9b148a6bbf025f,False
graph,2,2,completed,651264,1001472,350208,1314.903,266.337,2026-10-10T04:36:02.624099+00:00,2026-10-10T04:57:57.527433+00:00,467e0b1e6a314855362da51cdb9b148a6bbf025f,False
graph,2,3,completed,1001472,1300480,299008,1110.274,269.310,2026-10-10T08:50:23.432649+00:00,2026-10-10T09:08:53.706568+00:00,21c9cd4569784c5a36cac78387faff407c1fe909,False
graph,3,1,completed,0,1001472,1001472,3786.659,264.474,2026-10-10T04:57:57.577719+00:00,2026-10-10T06:01:04.237171+00:00,467e0b1e6a314855362da51cdb9b148a6bbf025f,False
graph,3,2,completed,1001472,1300480,299008,1118.832,267.250,2026-10-10T09:08:53.733017+00:00,2026-10-10T09:27:32.565325+00:00,21c9cd4569784c5a36cac78387faff407c1fe909,False
graph,4,1,completed,0,1001472,1001472,3873.086,258.572,2026-10-10T06:01:04.284503+00:00,2026-10-10T07:05:37.370962+00:00,467e0b1e6a314855362da51cdb9b148a6bbf025f,False
graph,4,2,completed,1001472,1300480,299008,1122.432,266.393,2026-10-10T09:27:32.592240+00:00,2026-10-10T09:46:15.024608+00:00,21c9cd4569784c5a36cac78387faff407c1fe909,False
