policy_type,timesteps,reward_mean,reward_standard_deviation,distance_mean,distance_standard_deviation
matched,51200,65.93339893262262,7.58126628065028,1.4625062984493913,0.1646211170991886
matched,100352,253.9452632078037,55.820746737232895,5.293848115396797,1.1193312369966508
matched,151552,402.6272245997076,87.74535191469418,8.319052399935739,1.7582177991806942
matched,200704,503.5011299892528,42.35667041692572,10.360093266104213,0.847515755869046
matched,251904,591.5626167396665,79.28048755374847,12.142079498558465,1.5876216416792335
matched,301056,641.8673058798685,68.1492385293646,13.161001011772541,1.3642773840280775
matched,350208,664.8394461004352,96.41674524829735,13.630649790406068,1.9340810469069771
matched,401408,692.7910903665788,86.6239567582311,14.198737453440106,1.7378402047148516
matched,450560,689.4143151954053,77.29516730477478,14.136095438805338,1.5466968984915066
matched,501760,729.1046536334945,77.87061157164506,14.93518024748038,1.5605200777490609
matched,550912,738.3777168659033,73.8402351080708,15.125581969978864,1.482331873556059
matched,600064,736.59691494804,76.10838598300728,15.092911309938163,1.527619223633361
matched,651264,726.64670255984,76.70636352925172,14.895267385843482,1.5374997607198506
matched,700416,737.7656548862884,84.46327717787315,15.121386311816561,1.6921928283438135
matched,751616,706.3209307844658,129.55973111672495,14.495077548649544,2.5928025687480267
matched,800768,699.8763029707411,126.60544649536368,14.36818578179044,2.5355289281460913
matched,851968,734.4925848970631,60.79555992116686,15.062037796213554,1.2205449767767913
matched,901120,738.836170986981,80.59165618673616,15.151419125358183,1.617286776243961
matched,950272,723.9722327175184,101.1927005582659,14.856839429191927,2.034422206150419
matched,1001472,710.0658384149119,87.33783352256577,14.582324992981105,1.7542224628354006
matched,1050624,730.3490386279335,115.92778239616685,14.99078062662402,2.3309711709872407
matched,1101824,734.5449121718544,82.60375912558429,15.075359475021173,1.6624305349604482
matched,1150976,715.4678990513155,132.91598116811792,14.696709325504443,2.6676015606431656
matched,1200128,692.0604194606985,77.35355710551083,14.229920339380215,1.5582330294873055
matched,1251328,704.1041127211389,79.62102621511481,14.473788086886852,1.5976508330392867
matched,1300480,637.5261464589566,119.77009386508361,13.141830185757442,2.4004705616064697
graph,51200,13.016579276460472,11.994416455393587,0.35950834000161336,0.23187374202182842
graph,100352,120.75328438613113,135.85822915460568,2.5653146235772635,2.7094823018411502
graph,151552,268.8888085101861,111.8870107118819,5.551158854778617,2.2439566226228695
graph,200704,379.96093995502054,109.98462867860493,7.7763600935974235,2.2069253075846933
graph,251904,588.2528226116572,93.39918588402114,11.95975128468814,1.8592299021245617
graph,301056,648.2806410259584,127.12616100729657,13.168425407320195,2.52612709672261
graph,350208,681.0841335561315,163.43301374871695,13.831692400784394,3.257205638982816
graph,401408,859.8588984422686,144.01578028204239,17.424068219723768,2.8798017068995154
graph,450560,893.1659494353041,235.9072935174951,18.100183556341314,4.72554175335521
graph,501760,909.0765588962637,154.46230977489597,18.430994038094433,3.1031587816822146
graph,550912,993.7399059838593,196.50722060893136,20.14404273758907,3.947925518058009
graph,600064,1015.8274331306833,161.54745741526992,20.59561155079725,3.2617757167579895
graph,651264,1032.6400626455834,134.94003273778924,20.934247781012175,2.733878014974231
graph,700416,1087.409395778876,106.10596871749595,22.030536256255584,2.156647770366565
graph,751616,1100.6583359749031,109.53681165928592,22.296838731750945,2.215075865568551
graph,800768,1081.1375545159897,150.63367906037644,21.90855881745361,3.0526849052595577
graph,851968,1116.7878438751827,135.57372207872987,22.62942765120544,2.7479367160658827
graph,901120,1127.4990320170587,86.2590169845297,22.854818358862083,1.747558333662424
graph,950272,1152.8962661997027,98.32196573370445,23.36189150547695,1.993362938114511
graph,1001472,1161.2784307989266,80.3373053505717,23.537617302330208,1.6317889481503745
graph,1050624,1150.7168018956445,100.65349218139251,23.335889412073698,2.0276345656853536
graph,1101824,1190.9536838901531,75.57955505640986,24.143263181627315,1.5301886017186717
graph,1150976,1198.3780768029135,90.79389449567927,24.302478401576234,1.8253030855588184
graph,1200128,1182.096755753119,89.24223350413554,23.976560441962814,1.7844593561122275
graph,1251328,1139.0953570848978,165.32752766508705,23.11875180233043,3.3025669068668546
graph,1300480,1147.9424240038043,114.82789316354493,23.30450317239758,2.3009617207188073
